"p53mut_ID","Family_ID","MUT_ID"
2,4,3259
3,5,2821
4,9,2143
5,10,3297
6,14,3297
7,15,3294
8,16,5534
9,18,2229
10,26,2245
11,27,3236
12,28,3729
13,29,3294
14,30,3879
15,31,3634
16,32,3044
17,33,4228
18,34,2912
19,35,3730
20,36,3713
21,37,5223
22,38,3730
23,39,3737
24,40,3297
25,41,2705
26,42,3771
27,43,3297
28,44,5128
29,45,3730
30,46,2143
31,47,2410
32,55,2458
33,56,1718
34,57,2731
35,58,2705
36,59,3879
37,60,5142
38,61,3737
39,62,2143
40,63,4217
41,64,2143
45,64,3715
46,65,2247
47,66,1510
48,67,1792
49,68,2001
50,69,2116
51,70,3162
52,71,1429
53,72,3056
54,73,3294
55,74,3484
56,75,3238
57,76,3294
58,77,2272
59,79,3879
60,80,3737
61,81,4456
62,82,3470
63,83,5976
64,84,2143
65,85,2143
66,86,1943
67,87,2644
68,88,3185
69,89,3728
70,90,3703
71,91,3185
72,92,5220
73,93,3737
74,94,3634
75,95,4235
76,96,3952
77,97,3294
78,98,3879
79,99,2242
91,100,3244
93,101,2742
94,102,3297
95,103,3170
96,104,3236
97,105,1730
98,106,2639
99,107,685
100,108,1246
101,109,3879
102,111,2806
103,112,3040
104,113,1741
105,114,1308
106,115,4664
107,116,2372
108,117,2730
109,118,1429
110,119,818
111,120,3817
112,121,1774
113,122,3458
114,123,5134
115,124,3236
116,125,2639
117,126,3236
118,127,3377
119,128,3005
120,129,3730
121,130,3294
122,131,3236
123,133,5221
124,134,5221
125,135,5221
126,136,5221
127,137,5221
128,138,3236
129,139,3739
130,140,3864
132,141,3236
133,142,5134
134,143,3883
135,144,4585
136,145,3730
137,147,1857
138,148,2143
139,149,3879
140,150,3584
141,151,3737
142,152,1309
143,153,4051
145,12,2143
146,155,2707
147,157,3297
148,158,3604
149,159,4226
150,160,3044
151,162,1431
152,161,4584
153,163,1509
154,164,2199
155,165,1431
156,166,1408
157,167,3044
158,168,2705
159,169,1741
160,170,1861
161,171,1861
162,172,1741
163,173,1741
164,174,1741
165,175,1741
166,176,1861
167,177,2705
168,178,3378
169,179,3294
170,180,4584
171,181,4226
172,182,3159
173,183,3294
174,184,3294
175,185,3185
176,186,3294
177,187,1927
178,188,5222
179,189,2472
180,190,3044
181,191,2821
182,192,3044
183,193,1429
184,194,1814
185,194,3634
186,194,4011
187,195,4011
188,196,1562
189,197,2821
190,198,3849
195,203,5127
196,204,3297
198,205,1477
199,206,5125
200,207,3730
201,208,4664
202,209,1308
203,210,2644
204,211,3737
205,212,3236
207,220,3297
208,223,913
209,224,2706
210,225,2143
211,226,3064
212,227,5128
213,228,2458
214,229,4584
215,230,1814
216,231,4643
217,232,3933
222,233,3876
225,235,3737
226,236,3297
230,237,5169
235,238,6227
237,239,5176
238,240,1562
239,241,2139
240,242,2687
241,243,3236
243,244,5151
244,245,3090
245,246,3730
246,247,3812
247,248,2143
249,249,3879
250,250,4226
251,259,1085
254,260,2143
255,261,3730
256,262,2659
257,263,1716
258,264,2458
259,265,2705
260,266,3297
261,269,2820
262,270,1609
263,271,1909
276,274,2143
282,275,3236
286,276,4866
287,277,3737
288,278,5729
289,279,3100
290,280,5535
291,282,2351
292,283,3236
293,284,3771
294,285,4585
295,286,3903
296,287,4039
297,288,4585
298,289,4585
299,290,4585
300,291,4585
301,292,4585
302,294,4585
303,295,4585
304,297,4585
305,298,4585
306,299,4585
307,300,4585
308,301,4585
309,302,4585
310,303,4585
311,304,4585
312,305,4585
313,306,4585
314,307,3246
315,308,3737
316,309,3737
317,310,3297
318,311,3730
319,312,3026
322,314,3106
323,78,3294
324,293,4585
325,296,4585
326,315,1704
327,316,977
328,317,3737
329,318,3800
330,319,5668
331,320,3965
332,321,4575
333,322,2143
334,323,1064
335,324,5669
336,325,5670
337,326,2458
338,327,3297
339,328,4226
340,329,4121
341,330,4857
342,331,2143
343,332,1857
344,333,3026
345,364,2706
346,375,4585
347,377,4585
348,384,4585
349,389,2094
350,391,4585
351,401,4585
352,403,3236
353,404,3220
354,409,5147
355,410,3236
356,411,4585
357,412,2469
358,413,3879
359,414,3901
360,415,3222
361,416,3236
362,417,3863
363,418,2246
364,419,3102
365,420,2947
366,421,3812
367,422,3810
368,423,2143
369,424,3236
370,426,2821
371,427,2705
372,428,2462
373,429,3737
374,430,3236
375,431,2143
376,432,4608
377,433,1269
378,425,3737
379,434,2143
380,435,4585
381,436,4585
382,437,4585
383,438,4585
384,439,4585
385,440,4585
386,441,4585
387,442,4585
388,443,4585
389,444,4585
390,445,4585
391,446,4585
392,447,4585
393,448,4585
394,449,4585
395,450,4585
396,451,4585
397,452,4585
398,453,4585
399,454,4585
400,455,4585
401,456,4585
402,457,4585
403,458,4585
404,459,4585
405,460,4585
406,461,4585
407,462,4585
408,463,4585
409,464,4585
410,465,4585
411,466,4585
412,467,4585
413,468,4585
414,469,4585
415,470,4585
416,471,4585
417,472,4585
418,473,4585
419,474,4585
420,475,4585
421,476,4585
422,477,1741
423,478,3901
424,479,4367
425,480,4406
426,481,2080
427,482,3737
428,483,2143
429,484,2143
430,485,3236
431,486,5883
432,487,5176
433,488,1325
434,489,3236
435,490,3803
436,491,2143
437,492,3878
438,493,1045
439,494,5129
440,495,3901
441,496,2706
442,497,2145
443,498,5161
444,499,4265
445,500,4013
446,501,3737
447,502,1134
448,503,3297
449,504,5143
450,504,3044
451,505,2706
452,506,2706
453,507,4011
454,508,3856
455,510,2705
456,511,5661
457,512,2220
458,513,475
459,514,3294
460,516,3737
461,214,1308
462,517,1308
463,518,1310
464,520,5143
465,519,6229
466,521,4805
467,522,3294
468,523,6229
469,524,1861
470,525,3728
471,526,2409
472,527,3773
473,528,3948
474,529,4643
475,530,2458
476,531,3294
477,532,3879
478,533,272
479,534,6231
480,535,6232
481,536,2821
482,537,3938
483,538,2143
484,539,2143
485,540,3297
486,541,698
487,542,1741
488,543,4066
489,544,4585
490,545,6349
491,546,4585
492,547,4585
493,548,4585
494,549,2706
495,550,6351
496,551,4518
497,552,1308
498,553,2821
499,554,3879
500,555,939
501,556,715
502,559,1053
503,560,1134
504,561,1306
505,562,1306
506,563,1381
507,564,1396
508,565,1398
509,566,1562
510,567,1741
511,568,1741
512,569,1861
513,570,1861
514,571,1879
515,572,6352
516,573,2143
517,574,2143
518,575,2220
519,576,2220
520,577,2228
521,578,5140
522,579,2471
523,580,6353
524,581,5683
525,582,5149
526,583,5149
527,584,3147
528,585,3183
529,586,3216
530,587,3294
531,588,3297
532,589,3297
533,590,3387
534,591,3424
535,592,5735
536,593,3621
537,594,3711
538,595,3737
539,596,3878
540,597,3879
541,598,3879
542,599,3879
543,600,3879
544,601,4182
545,602,4199
546,603,4298
547,604,4584
548,605,4584
549,606,4584
550,607,4643
551,608,6354
552,609,4866
553,610,6355
554,611,6356
555,612,6356
556,613,6357
557,615,472
558,616,1407
559,617,1694
560,618,2143
561,619,3773
562,620,2501
563,621,1308
564,623,3168
565,379,6363
566,399,6364
567,624,5161
568,625,4585
569,626,4585
570,627,4585
571,628,4585
572,629,4585
574,632,3879
575,631,3730
576,633,3216
577,634,3730
578,635,1562
579,636,1009
580,637,1397
581,638,2335
582,639,6431
583,640,4645
584,641,4643
586,656,182
587,657,182
588,658,3901
589,659,1590
590,660,6432
591,661,2458
592,662,4585
593,663,1381
594,664,4011
595,665,2706
596,666,6433
597,667,3294
598,668,4643
599,669,5768
600,670,2446
601,671,2130
602,672,5730
603,673,2226
604,674,2409
605,675,1943
606,676,2143
607,677,2820
608,678,3297
609,679,5613
610,680,3297
611,681,698
612,682,6528
613,683,3730
614,684,4643
615,685,3170
616,686,1397
617,687,6529
618,688,3236
619,689,1045
620,690,2578
621,691,2446
622,692,2877
623,693,3185
624,694,4227
625,695,6530
626,696,2821
627,698,4586
628,699,4584
629,700,2143
630,701,6264
631,702,1308
632,703,3212
633,704,5752
634,705,1306
635,706,1308
636,707,1562
637,708,1718
638,709,1861
639,710,1861
640,711,2705
641,712,2721
642,713,2848
643,714,2993
644,715,3236
645,716,3236
646,717,3294
647,718,3294
648,719,3737
649,720,4226
650,721,5743
651,722,4653
652,723,4664
653,724,6446
654,697,1628
655,725,5147
656,726,343
657,727,3183
658,728,3297
659,729,2821
660,730,2644
661,731,5161
662,732,2458
663,733,1628
664,734,2143
665,735,2726
666,736,3091
667,737,2705
668,738,6614
669,739,1309
670,740,3879
671,741,3294
672,742,1814
673,743,3183
674,744,2245
675,745,2143
676,746,5149
677,747,2189
678,748,2705
679,749,1861
680,750,3737
681,751,3879
682,752,3737
683,753,4585
684,754,4585
685,755,6653
686,756,6654
687,757,6555
688,758,3901
689,759,1297
690,760,5145
691,761,4524
692,762,2050
693,763,4011
694,764,3737
695,765,4682
696,766,1514
697,767,3932
698,768,3932
699,769,6673
700,770,4226
701,771,3730
702,772,2408
703,773,4692
704,774,4692
705,775,3755
706,776,5710
707,777,2363
708,778,2458
709,779,1133
710,780,6765
711,781,3865
712,782,4051
713,783,3021
714,784,3932
715,785,5735
716,786,4545
717,787,5587
718,788,2458
719,789,3901
720,790,5727
721,791,3856
722,792,1835
723,793,4226
724,794,1861
725,795,3830
726,796,1814
727,797,4795
728,798,2461
729,799,1586
730,800,3294
731,801,3294
732,802,4585
734,804,1308
735,805,1858
736,806,2535
737,806,4541
738,808,4585
739,809,84
740,810,2705
741,811,3067
742,812,6229
743,813,2143
744,814,3737
745,815,3297
746,816,3737
747,817,1717
748,818,3433
749,819,5678
750,820,1861
751,821,2425
752,822,3297
753,823,3901
754,824,2143
755,825,2821
756,826,2143
757,827,444
758,828,3297
759,829,2143
761,830,6766
762,831,6767
763,832,1382
764,833,4643
765,834,3811
766,835,3737
767,836,1634
768,837,3633
769,838,3817
770,839,3879
771,840,594
772,841,1628
773,842,2820
774,843,2143
775,844,3236
776,845,2458
777,846,1861
778,847,3294
779,848,3170
780,849,6529
781,851,4226
782,852,2458
783,853,1132
784,854,4555
785,855,5145
786,856,1794
787,858,2143
788,859,1943
789,860,3297
790,861,3162
791,862,3294
792,863,3294
793,864,2143
794,865,2410
795,866,3621
796,867,1333
797,868,3737
798,869,4585
799,870,3294
800,871,2242
801,872,3737
802,873,1383
803,874,2848
804,874,3633
805,875,5139
806,876,2821
807,877,3737
810,878,3901
811,879,4643
812,880,2202
813,881,5134
814,882,3159
815,883,3367
816,884,3862
817,885,5167
818,886,6769
819,887,6356
820,888,2143
821,889,3294
822,890,3737
823,891,4585
824,892,4585
825,893,4585
826,894,4585
827,895,4585
828,896,4585
829,897,4585
830,898,4585
831,899,4585
832,900,4585
833,901,4585
834,902,4585
835,903,4585
836,904,4585
837,905,4585
838,906,3297
839,907,5724
840,908,2707
841,909,2754
842,910,3044
843,911,4585
844,912,2844
845,913,4644
846,914,4753
847,915,3858
848,916,3879
849,917,2706
850,918,2351
851,919,3811
852,920,1924
853,921,4585
854,922,4585
855,923,2220
856,924,3737
857,925,3236
858,926,3294
859,927,6833
860,929,3774
861,930,2705
862,931,2821
863,932,5151
864,933,3238
865,934,4645
866,935,4226
867,936,1308
868,937,2211
869,938,5570
870,939,4643
871,940,698
872,941,4226
873,942,1634
874,943,4061
875,944,1308
876,945,5136
877,946,4555
878,947,2349
879,948,3297
880,949,3932
881,950,4182
882,951,1328
883,952,3879
884,953,3297
885,954,3879
886,955,2245
887,957,4575
888,958,5161
889,959,3948
890,960,3879
891,961,3811
892,962,3737
893,963,3737
894,964,3737
895,965,3297
896,966,3297
897,967,3185
898,968,3183
899,969,3044
900,970,2458
901,971,2143
902,972,5424
903,973,1309
904,974,1009
905,975,4365
907,976,6825
908,977,3262
909,978,1732
911,979,6826
912,980,1302
913,981,4421
914,982,4119
915,983,2849
916,984,2291
917,985,1228
918,986,1104
919,987,1091
920,988,1091
921,989,1839
922,990,1741
923,991,1308
924,992,1443
925,993,6767
926,994,1863
927,995,2943
928,996,4554
929,997,2229
930,998,1308
931,999,3236
932,1000,1308
934,1002,1861
935,1003,3424
936,1004,3168
937,1005,6767
938,1006,2943
939,1007,3634
940,1008,3299
941,1009,2707
943,1010,6827
944,1011,2943
945,1012,1861
946,1013,5768
947,1014,6828
948,1015,2139
949,1016,3850
950,1017,1741
951,1018,4988
952,1019,4011
953,1020,3901
954,1021,3917
955,1022,3044
956,1023,4645
957,1024,3737
958,1025,2943
959,1026,2943
960,1027,3216
961,1028,3294
962,1029,3879
963,1030,3879
964,1031,3297
965,1032,3424
967,1034,2143
968,1035,2143
969,1036,2220
970,1037,2706
971,1038,2821
972,1039,3236
973,1040,3236
974,1041,3259
975,1042,3297
976,1043,3294
977,1044,3737
978,1045,3737
979,1046,3879
980,1047,3879
981,1048,5779
983,1049,6356
984,1050,6356
985,1051,715
986,1052,715
988,1053,11500
989,1054,1738
990,1055,1957
991,1056,11501
993,1057,6769
994,1058,3746
995,1059,5149
996,1060,84
997,1061,1107
998,1062,1307
999,1063,1861
1000,1064,1861
1001,1065,1861
1002,1066,1861
1003,1067,2139
1004,1068,2407
1005,1069,2409
1006,1070,2754
1007,1071,2754
1008,1072,2943
1009,1073,3424
1010,1074,3884
1011,1075,4011
1012,1076,4176
1013,1077,4199
1014,1078,4585
1015,1079,4585
1016,1080,4585
1017,1081,4585
1018,1082,3865
1019,1083,11502
1020,1084,2143
1021,1085,2445
1022,1086,2821
1023,1087,3294
1024,1088,5857
1025,1089,4584
1026,1090,4585
1027,1091,1814
1028,1092,2220
1029,1093,3168
1030,1094,5768
1031,1096,4608
1032,1097,3236
1033,1099,2993
1034,1100,4597
1035,1101,3879
1036,1102,2143
1037,1103,3634
1038,1103,1814
1039,1104,6767
1040,1105,656
1041,1106,11504
1042,1108,2242
1043,1109,2242
1044,1110,2242
1045,1111,2242
1046,1112,2242
1047,1113,2242
1048,1114,2242
1049,1115,2242
1050,1116,2242
1051,1117,68
1052,1118,79
1053,1119,235
1054,1120,717
1055,1121,6351
1056,1122,1132
1057,1123,1225
1059,1124,5132
1060,1125,1440
1061,1126,1841
1062,1127,1857
1063,1128,2102
1064,1129,2140
1065,1130,2745
1066,1131,2944
1067,1132,3044
1068,1133,11506
1069,1134,3635
1070,1135,3901
1071,1136,4008
1072,1137,4011
1073,1138,4038
1074,1139,4119
1075,1140,4358
1076,1141,4454
1077,1142,4689
1078,1143,4795
1079,1144,4814
1080,1145,5035
1081,1146,5095
1082,1147,5132
1083,1148,3044
1084,1149,3044
1085,1150,3044
1086,1151,3044
1087,1152,4011
1088,1153,4011
1089,1154,4814
1090,1155,5158
1091,1156,4643
1092,1157,4643
1093,1158,2094
1094,1159,2220
1095,1160,2245
1096,1161,3260
1097,1162,3294
1098,1163,3294
1099,1164,3294
1100,1165,3633
1101,1166,3737
1102,1167,3812
1103,1168,3879
1104,1169,4584
1105,1170,4692
1106,1171,4692
1107,1172,3730
1108,1173,2242
1109,1174,3419
1110,1175,3246
1111,1176,1134
1112,1177,3484
1113,1178,4857
1114,1179,1863
1115,1180,3294
1116,1181,1741
1117,1182,2483
1118,1183,2446
1119,1184,1863
1120,1185,1863
1121,1186,6861
1122,1187,5135
1123,1188,4585
1124,1189,4585
1125,1190,4585
1126,1191,1858
1127,1192,4544
1128,1193,4008
1129,1194,4585
1130,1195,1814
1131,1196,3216
1132,1197,818
1133,1198,1835
1134,1199,5149
1135,1200,11507
1136,1201,2646
1137,1202,3236
1138,1203,2461
1139,1204,2362
1140,1205,3236
1141,1206,5711
1142,1207,1861
1143,1208,2242
1144,1209,3297
1145,1210,4226
1146,1212,5071
1147,1213,3259
1148,1214,4584
1149,1215,3297
1150,1216,3553
1151,1217,2446
1152,1218,3236
1153,1219,3297
1154,1220,3737
1155,1221,4607
1156,1222,3297
1157,1223,2458
1158,1224,4226
1159,1225,3633
1160,1226,11508
1161,1227,3236
1162,1228,3090
1163,1230,3677
1164,1231,4437
1165,1232,3297
1166,1233,3294
1167,1234,2189
1168,1235,2458
1169,1236,2754
1170,1237,2362
1171,1238,3883
1172,1239,5161
1173,1241,3737
1174,1242,3294
1175,1243,1792
1176,1244,5768
1177,1245,2410
1178,1246,2143
1179,1247,2143
1180,1248,3737
1181,1249,272
1182,1250,3730
1183,1251,6816
1184,1252,11509
1185,1254,272
1186,1255,2143
1187,1256,3297
1188,1258,2705
1189,1259,1741
1190,1260,2821
1191,1261,2458
1192,1262,3879
1193,1263,4226
1194,1264,3737
1195,1265,3737
1196,1266,3216
1197,1267,3297
1198,1268,2245
1199,1269,3106
1200,1270,2705
1201,1272,2202
1202,1273,3297
1203,1274,4795
1204,1275,4795
1205,1276,4795
1206,1277,4735
1207,1278,4735
1208,1279,4606
1209,1280,4585
1210,1281,11510
1211,1282,11511
1212,1283,3767
1213,1284,3372
1214,1285,3297
1215,1286,3294
1216,1287,3236
1217,1288,3026
1218,1289,2706
1219,1290,2706
1220,1291,2671
1221,1292,2613
1222,1293,2410
1223,1294,2245
1224,1295,2228
1225,1296,2143
1226,1297,2143
1227,1298,2140
1228,1299,2078
1229,1300,1861
1230,1301,1861
1231,1302,1858
1232,1303,1811
1233,1304,1811
1234,1305,1811
1235,1306,1413
1236,1307,11512
1237,1308,327
1238,1309,238
1239,1310,84
1240,1311,84
1241,1312,3294
1242,1313,5158
1243,1314,3146
1244,1315,2242
1245,1316,11513
1246,1317,1634
1247,1318,2458
1248,1319,4692
1249,1320,11514
1250,1321,2446
1251,1322,3703
1252,1323,2189
1253,1324,3633
1254,1325,5170
1255,1326,2425
1256,1327,3367
1257,1329,3737
1258,1330,4692
1259,1332,1972
1260,1333,2705
1261,1334,1413
1262,1335,1302
1264,1336,11516
1265,1338,6851
1266,1339,1306
1267,1340,1509
1268,1341,11517
1269,1342,1509
1270,1343,4300
1271,1344,3236
1272,1345,1863
1273,1345,1396
1274,1346,1694
1275,1347,5161
1276,1348,3879
1277,1349,3294
1278,1350,1738
1279,1351,3297
1280,1352,1815
1282,1354,3236
1283,1355,2242
1284,1356,2242
1285,1357,2242
1286,1358,2240
1287,1359,2242
1288,1360,2242
1289,1361,4534
1290,1362,2706
1291,1363,3730
1292,1364,3621
1293,1365,5128
1294,1366,1837
1295,1367,2790
1296,1368,5774
1297,1369,1091
1299,1370,11518
1300,1371,3852
1302,1372,11519
1303,1373,4587
1304,1374,4587
1305,1375,4813
1306,1376,9106
1307,1377,5889
1308,1378,470
1309,1379,3948
1310,1380,1567
1311,1381,3259
1312,1382,6448
1313,1383,3730
1314,1384,2297
1315,1385,5161
1316,1386,29931
1318,1387,6906
1320,1388,29933
1321,1389,9656
1322,1392,3633
1323,1393,2022
1324,1394,2143
1325,1395,2705
1326,1396,3172
1327,1397,4226
1328,1398,5412
1329,1399,2461
1330,1400,3349
1331,1401,5151
1332,1402,3318
1333,1403,6836
1334,1404,2458
1335,1405,29099
1336,1406,2646
1337,1407,3106
1338,1408,3238
1339,1409,14771
1340,1410,3236
1341,1411,1269
1342,1412,3730
1344,1413,29937
1345,1414,2706
1346,1415,1562
1347,1416,1133
1348,1417,3730
1349,1418,4585
1351,1420,3236
1352,1421,491
1353,1422,4011
1354,1424,4585
1355,1425,4585
1356,1426,1904
1357,1427,3879
1358,1428,2094
1359,1429,2535
1361,1430,29939
1362,1431,29864
1363,1432,3419
1364,1433,3419
1365,1434,29998
1366,1435,5161
1367,1436,917
1368,1437,4645
1369,1438,3737
1370,1439,2410
1371,1440,4226
1372,1441,2023
1373,1442,5158
1374,1443,3490
1375,1444,2821
1376,1445,5768
1377,1446,2821
1378,1447,3730
1379,1448,2140
1380,1449,5176
1381,1450,2143
1382,1451,3730
1383,1452,2143
1384,1453,1134
1385,1454,3294
1386,1455,5147
1387,1456,29943
1388,1457,28960
1389,1458,4643
1390,1459,3879
1391,1460,29944
1392,1461,3064
1393,1462,2224
1394,1463,29218
1395,1464,2458
1396,1465,1120
1397,1466,1947
1398,1467,1562
1399,1468,3879
1400,1469,29100
1401,1470,3730
1402,1471,2162
1403,1472,29944
1404,1473,1310
1405,1474,29943
1406,1475,3220
1407,1476,990
1408,1477,29942
1409,1480,5143
1410,1481,29942
1411,1482,3183
1412,1483,5170
1413,1484,3236
1414,1485,1143
1415,1486,3258
1416,1487,1638
1417,1489,3297
1418,1488,3633
1419,1490,3730
1420,1491,3172
1421,1492,2458
1422,1493,1740
1423,1494,2458
1424,1495,699
1425,1496,4584
1426,1497,1307
1427,1498,2143
1428,1499,2947
1429,1500,3299
1431,1502,548
1432,1503,3236
1433,1504,2706
1434,1505,3901
1435,1506,2245
1436,1507,2317
1437,1508,4585
1438,1509,3294
1439,1510,3294
1440,1511,5143
1441,1512,5143
1442,1513,3737
1443,1514,3737
1444,1515,29581
1445,1516,3299
1446,1517,3297
1447,1518,5134
1448,1519,29089
1449,1520,534
1450,1521,3879
1451,1522,2410
1452,1523,5136
1453,1524,1718
1454,1525,4584
1455,1526,29312
1456,1527,1254
1457,1528,1306
1458,1529,3260
1459,1530,1120
1460,1531,4585
1461,1532,5735
1462,1533,3730
1463,1534,3730
1464,1535,1858
1465,1536,3185
1466,1537,3244
1467,1538,1134
1468,1539,2143
1469,1540,2242
1470,1541,6501
1471,1542,3297
1472,1543,1741
1473,1544,4584
1474,1545,2245
1476,1546,5768
1477,1548,3730
1478,1549,2705
1479,1550,2143
1480,1551,29947
1481,1552,1861
1482,1553,3236
1483,1554,3081
1484,1555,4226
1485,1556,29948
1486,1557,3236
1487,1558,3236
1488,1559,3849
1489,1560,1269
1490,1561,4226
1491,1562,6788
1492,1563,1067
1493,1564,29951
1494,1565,1334
1495,1566,1449
1496,1567,1718
1497,1568,1947
1498,1569,2143
1499,1570,5139
1500,1571,5728
1501,1572,14806
1502,1573,2705
1503,1574,3107
1504,1575,3170
1505,1576,3187
1506,1577,3220
1507,1578,3294
1508,1579,3294
1509,1580,3297
1510,1581,3737
1511,1582,3879
1512,1583,5176
1513,1584,4643
1514,1585,3297
1515,1586,1861
1516,1587,3730
1517,1588,3737
1518,1589,1814
1519,1590,2585
1520,1591,2143
1521,1592,5148
1522,1593,4524
1523,1594,6588
1524,1595,3737
1525,1596,2172
1526,1597,2446
1527,1598,3294
1528,1599,3633
1530,1601,6588
1531,1602,1718
1532,1603,3883
1533,1600,29952
1534,1604,2458
1535,1605,1639
1536,1606,29056
1537,1607,2143
1538,1608,6217
1539,1609,3236
1541,1611,5769
1542,1612,22495
1543,1613,2736
1544,1614,1307
1545,1615,2140
1546,1616,455
1547,1617,3294
1548,1618,2143
1549,1619,3423
1550,1620,1717
1551,1621,3297
1552,1622,2101
1553,1623,1328
1554,1624,2166
1555,1625,2581
1556,1626,5147
1557,1627,1269
1558,1628,5678
1559,1629,1133
1560,1630,5153
1561,1631,1590
1562,1632,3220
1564,1633,29953
1565,1634,29954
1566,1635,29089
1567,1636,3297
1568,1637,1305
1569,1638,28912
1570,1639,2219
1571,1640,3729
1572,1641,3711
1573,1642,3170
1574,1643,2266
1575,1644,29955
1576,1645,3294
1577,1646,3737
1578,1647,4643
1579,1648,5128
1580,1649,917
1581,1650,4226
1582,1652,2245
1583,1653,4011
1584,1654,9105
1585,1655,3634
1586,1656,29997
1587,1657,5143
1588,1658,3582
1589,1659,2143
1590,1660,3333
1591,1661,3319
1592,1662,3187
1593,1663,3582
1594,1664,4518
1595,1665,2708
1596,1666,2821
1597,1667,3236
1598,1668,4226
1599,1669,3963
1600,1670,2705
1601,1671,3297
1602,1672,1234
1603,1673,1306
1604,1674,3879
1605,1675,29089
1606,1676,4645
1607,1677,3294
1608,1678,4023
1609,1679,3294
1610,1680,2461
1611,1681,1310
1612,1682,4795
1613,1683,1972
1614,1684,3737
1615,1685,4226
1616,1686,2143
1617,1687,3737
1618,1688,3453
1619,1689,4226
1620,1690,3236
1621,1691,1096
1622,1692,3236
1623,1693,1741
1624,1694,22540
1625,1695,4795

1,532 rows selected. 

